
{
    "comment" : "This file is used to help set default values when using the dotnet CLI extension Amazon.ElasticBeanstalk.Tools. For more information run \"dotnet eb --help\" from the project root.",
    "profile" : "prankadmin",
    "region"  : "ap-south-1",
    "application" : "PrankWebApp",
    "environment" : "Prankwebapp-env",
    "iis-website" : "Default Web Site",
    "app-path"    : "/",
    "enable-xray" : false,
    "solution-stack" : "64bit Windows Server 2019 v2.5.7 running IIS 10.0"
}